YEAR_MONTH,BNF_CHAPTER,BNF_CHAPTER_CODE,BNF_SECTION,BNF_SECTION_CODE,BNF_PARAGRAPH,BNF_PARAGRAPH_CODE,BNF_SUBPARAGRAPH,BNF_SUBPARAGRAPH_CODE,BNF_CHEMICAL_SUBSTANCE,BNF_CHEMICAL_SUBSTANCE_CODE,BNF_PRODUCT,BNF_PRODUCT_CODE,BNF_PRESENTATION,BNF_PRESENTATION_CODE
2025-03,Gastro-Intestinal System,01,Dyspepsia and gastro-oesophageal reflux disease,0101,Antacids and simeticone,010101,Antacids and simeticone,0101010,Other antacid and simeticone preparations,010101000,Proprietary compound preparation BNF 0101010,010101000BB,Indigestion mixture,010101000BBAJA0
2025-03,Gastro-Intestinal System,01,Dyspepsia and gastro-oesophageal reflux disease,0101,Antacids and simeticone,010101,Antacids and simeticone,0101010,Alexitol sodium,0101010A0,Alexitol sodium,0101010A0AA,Alexitol sodium 360mg tablets,0101010A0AAAAAA
2025-03,Gastro-Intestinal System,01,Dyspepsia and gastro-oesophageal reflux disease,0101,Antacids and simeticone,010101,Antacids and simeticone,0101010,Alexitol sodium,0101010A0,Actal,0101010A0BB,Actal 360mg tablets,0101010A0BBAAAA
2025-03,Gastro-Intestinal System,01,Dyspepsia and gastro-oesophageal reflux disease,0101,Antacids and simeticone,010101,Antacids and simeticone,0101010,Aluminium hydroxide,0101010C0,Aluminium hydroxide,0101010C0AA,Aluminium hydroxide 475mg capsules,0101010C0AAAAAA
2025-03,Gastro-Intestinal System,01,Dyspepsia and gastro-oesophageal reflux disease,0101,Antacids and simeticone,010101,Antacids and simeticone,0101010,Aluminium hydroxide,0101010C0,Aluminium hydroxide,0101010C0AA,Aluminium hydroxide oral suspension sugar free,0101010C0AAACAC
2025-03,Gastro-Intestinal System,01,Dyspepsia and gastro-oesophageal reflux disease,0101,Antacids and simeticone,010101,Antacids and simeticone,0101010,Aluminium hydroxide,0101010C0,Aluminium hydroxide,0101010C0AA,Aluminium hydroxide 500mg chewable tablets,0101010C0AAAHAH
2025-03,Gastro-Intestinal System,01,Dyspepsia and gastro-oesophageal reflux disease,0101,Antacids and simeticone,010101,Antacids and simeticone,0101010,Aluminium hydroxide,0101010C0,Aluminium hydroxide,0101010C0AA,Aluminium hydroxide 475mg/5ml oral suspension,0101010C0AAAMAM
2025-03,Gastro-Intestinal System,01,Dyspepsia and gastro-oesophageal reflux disease,0101,Antacids and simeticone,010101,Antacids and simeticone,0101010,Aluminium hydroxide,0101010C0,Alu-Cap,0101010C0BB,Alu-Cap 475mg capsules,0101010C0BBAAAA
2025-03,Gastro-Intestinal System,01,Dyspepsia and gastro-oesophageal reflux disease,0101,Antacids and simeticone,010101,Antacids and simeticone,0101010,Aluminium hydroxide,0101010C0,Aludrox (Gel/Liquid),0101010C0BD,Aludrox Liquid,0101010C0BDABAC
2025-03,Gastro-Intestinal System,01,Dyspepsia and gastro-oesophageal reflux disease,0101,Antacids and simeticone,010101,Antacids and simeticone,0101010,Hydrotalcite,0101010E0,Hydrotalcite,0101010E0AA,Hydrotalcite 500mg/5ml oral suspension,0101010E0AAAAAA
2025-03,Gastro-Intestinal System,01,Dyspepsia and gastro-oesophageal reflux disease,0101,Antacids and simeticone,010101,Antacids and simeticone,0101010,Hydrotalcite,0101010E0,Hydrotalcite,0101010E0AA,Hydrotalcite 500mg/5ml oral suspension sugar free,0101010E0AAAEAE
2025-03,Gastro-Intestinal System,01,Dyspepsia and gastro-oesophageal reflux disease,0101,Antacids and simeticone,010101,Antacids and simeticone,0101010,Magnesium carbonate,0101010F0,Magnesium carbonate (Antacid),0101010F0AA,Magnesium carbonate mixture aromatic,0101010F0AAABAB
2025-03,Gastro-Intestinal System,01,Dyspepsia and gastro-oesophageal reflux disease,0101,Antacids and simeticone,010101,Antacids and simeticone,0101010,Magnesium carbonate,0101010F0,Magnesium carbonate (Antacid),0101010F0AA,Magnesium carbonate heavy 500mg capsules,0101010F0AAAUAU
2025-03,Gastro-Intestinal System,01,Dyspepsia and gastro-oesophageal reflux disease,0101,Antacids and simeticone,010101,Antacids and simeticone,0101010,Magnesium carbonate,0101010F0,Magnesium carbonate (Antacid),0101010F0AA,Magnesium carbonate 500mg capsules,0101010F0AABEBE
2025-03,Gastro-Intestinal System,01,Dyspepsia and gastro-oesophageal reflux disease,0101,Antacids and simeticone,010101,Antacids and simeticone,0101010,Magnesium carbonate,0101010F0,Andrews (Magnesium carbonate),0101010F0BB,Andrews Antacid chewable tablets,0101010F0BBAAA0
2025-03,Gastro-Intestinal System,01,Dyspepsia and gastro-oesophageal reflux disease,0101,Antacids and simeticone,010101,Antacids and simeticone,0101010,Magnesium carbonate,0101010F0,Magnesite,0101010F0BC,Magnesite 500mg capsules,0101010F0BCAAAU
2025-03,Gastro-Intestinal System,01,Dyspepsia and gastro-oesophageal reflux disease,0101,Antacids and simeticone,010101,Antacids and simeticone,0101010,Magnesium carbonate,0101010F0,MagnaCarb,0101010F0BD,MagnaCarb 500mg capsules,0101010F0BDABBE
2025-03,Gastro-Intestinal System,01,Dyspepsia and gastro-oesophageal reflux disease,0101,Antacids and simeticone,010101,Antacids and simeticone,0101010,Magnesium carbonate,0101010F0,AdMag heavy,0101010F0BE,AdMag heavy 500mg capsules,0101010F0BEAAAU
2025-03,Gastro-Intestinal System,01,Dyspepsia and gastro-oesophageal reflux disease,0101,Antacids and simeticone,010101,Antacids and simeticone,0101010,Magnesium carbonate,0101010F0,AactiMag,0101010F0BF,AactiMag heavy 500mg capsules,0101010F0BFAAAU
2025-03,Gastro-Intestinal System,01,Dyspepsia and gastro-oesophageal reflux disease,0101,Antacids and simeticone,010101,Antacids and simeticone,0101010,Co-magaldrox (Magnesium/aluminium hydroxide),0101010G0,Co-magaldrox,0101010G0AA,Co-magaldrox 195mg/220mg/5ml oral suspension sugar free,0101010G0AAABAB
2025-03,Gastro-Intestinal System,01,Dyspepsia and gastro-oesophageal reflux disease,0101,Antacids and simeticone,010101,Antacids and simeticone,0101010,Co-magaldrox (Magnesium/aluminium hydroxide),0101010G0,Co-magaldrox,0101010G0AA,Co-magaldrox 300mg/600mg/5ml oral suspension sugar free,0101010G0AAACAC
2025-03,Gastro-Intestinal System,01,Dyspepsia and gastro-oesophageal reflux disease,0101,Antacids and simeticone,010101,Antacids and simeticone,0101010,Co-magaldrox (Magnesium/aluminium hydroxide),0101010G0,Co-magaldrox,0101010G0AA,Co-magaldrox 300mg/600mg tablets,0101010G0AAADAD
2025-03,Gastro-Intestinal System,01,Dyspepsia and gastro-oesophageal reflux disease,0101,Antacids and simeticone,010101,Antacids and simeticone,0101010,Co-magaldrox (Magnesium/aluminium hydroxide),0101010G0,Co-magaldrox,0101010G0AA,Co-magaldrox 200mg/175mg/5ml oral suspension sugar free,0101010G0AAAGAG
2025-03,Gastro-Intestinal System,01,Dyspepsia and gastro-oesophageal reflux disease,0101,Antacids and simeticone,010101,Antacids and simeticone,0101010,Co-magaldrox (Magnesium/aluminium hydroxide),0101010G0,Maalox,0101010G0BB,Maalox oral suspension,0101010G0BBABAB
2025-03,Gastro-Intestinal System,01,Dyspepsia and gastro-oesophageal reflux disease,0101,Antacids and simeticone,010101,Antacids and simeticone,0101010,Co-magaldrox (Magnesium/aluminium hydroxide),0101010G0,Maalox,0101010G0BB,Maalox TC oral suspension,0101010G0BBACAC
2025-03,Gastro-Intestinal System,01,Dyspepsia and gastro-oesophageal reflux disease,0101,Antacids and simeticone,010101,Antacids and simeticone,0101010,Co-magaldrox (Magnesium/aluminium hydroxide),0101010G0,Maalox,0101010G0BB,Maalox TC tablets,0101010G0BBADAD
2025-03,Gastro-Intestinal System,01,Dyspepsia and gastro-oesophageal reflux disease,0101,Antacids and simeticone,010101,Antacids and simeticone,0101010,Co-magaldrox (Magnesium/aluminium hydroxide),0101010G0,Maalox,0101010G0BB,Maalox 175mg/200mg/5ml oral suspension,0101010G0BBAHAG
2025-03,Gastro-Intestinal System,01,Dyspepsia and gastro-oesophageal reflux disease,0101,Antacids and simeticone,010101,Antacids and simeticone,0101010,Co-magaldrox (Magnesium/aluminium hydroxide),0101010G0,Mucogel,0101010G0BC,Mucogel oral suspension,0101010G0BCABAB
2025-03,Gastro-Intestinal System,01,Dyspepsia and gastro-oesophageal reflux disease,0101,Antacids and simeticone,010101,Antacids and simeticone,0101010,Magnesium oxide,0101010I0,Magnesium oxide,0101010I0AA,Magnesium oxide 100mg capsules,0101010I0AAABAB
2025-03,Gastro-Intestinal System,01,Dyspepsia and gastro-oesophageal reflux disease,0101,Antacids and simeticone,010101,Antacids and simeticone,0101010,Magnesium oxide,0101010I0,Magnesium oxide,0101010I0AA,Magnesium oxide 160mg capsules,0101010I0AAACAC
2025-03,Cardiovascular System,02,Positive inotropic drugs,0201,Cardiac glycosides,020101,Cardiac glycosides,0201010,Digoxin antibody,0201010AA,Digoxin antibody,0201010AAAA,Digoxin-specific antibody fragments 38mg inf vials,0201010AAAAAAAA
2025-03,Cardiovascular System,02,Positive inotropic drugs,0201,Cardiac glycosides,020101,Cardiac glycosides,0201010,Digoxin antibody,0201010AA,Digoxin antibody,0201010AAAA,Digoxin-specific antibody fragments 40mg inf vials,0201010AAAAABAB
2025-03,Cardiovascular System,02,Positive inotropic drugs,0201,Cardiac glycosides,020101,Cardiac glycosides,0201010,Digoxin antibody,0201010AA,Digibind,0201010AABB,Digibind 38mg powder for solution for injection vials,0201010AABBAAAA
2025-03,Cardiovascular System,02,Positive inotropic drugs,0201,Cardiac glycosides,020101,Cardiac glycosides,0201010,Digoxin antibody,0201010AA,DigiFab,0201010AABC,DigiFab 40mg powder for solution for infusion vials,0201010AABCAAAB
2025-03,Cardiovascular System,02,Positive inotropic drugs,0201,Cardiac glycosides,020101,Cardiac glycosides,0201010,Digitoxin,0201010D0,Digitoxin,0201010D0AA,Digitoxin 100microgram tablets,0201010D0AAAAAA
2025-03,Cardiovascular System,02,Positive inotropic drugs,0201,Cardiac glycosides,020101,Cardiac glycosides,0201010,Digoxin,0201010F0,Digoxin,0201010F0AA,Digoxin 50micrograms/ml oral solution,0201010F0AAAAAA
2025-03,Cardiovascular System,02,Positive inotropic drugs,0201,Cardiac glycosides,020101,Cardiac glycosides,0201010,Digoxin,0201010F0,Digoxin,0201010F0AA,Digoxin 500micrograms/2ml solution for infusion ampoules,0201010F0AAACAC
2025-03,Cardiovascular System,02,Positive inotropic drugs,0201,Cardiac glycosides,020101,Cardiac glycosides,0201010,Digoxin,0201010F0,Digoxin,0201010F0AA,Digoxin 62.5microgram tablets,0201010F0AAADAD
2025-03,Cardiovascular System,02,Positive inotropic drugs,0201,Cardiac glycosides,020101,Cardiac glycosides,0201010,Digoxin,0201010F0,Digoxin,0201010F0AA,Digoxin 125microgram tablets,0201010F0AAAEAE
2025-03,Cardiovascular System,02,Positive inotropic drugs,0201,Cardiac glycosides,020101,Cardiac glycosides,0201010,Digoxin,0201010F0,Digoxin,0201010F0AA,Digoxin 250microgram tablets,0201010F0AAAFAF
2025-03,Cardiovascular System,02,Positive inotropic drugs,0201,Cardiac glycosides,020101,Cardiac glycosides,0201010,Digoxin,0201010F0,Digoxin,0201010F0AA,Digoxin 125micrograms/5ml oral liquid,0201010F0AAANAN
2025-03,Cardiovascular System,02,Positive inotropic drugs,0201,Cardiac glycosides,020101,Cardiac glycosides,0201010,Digoxin,0201010F0,Digoxin,0201010F0AA,Digoxin 250micrograms/5ml oral liquid,0201010F0AAAPAP
2025-03,Cardiovascular System,02,Positive inotropic drugs,0201,Cardiac glycosides,020101,Cardiac glycosides,0201010,Digoxin,0201010F0,Digoxin,0201010F0AA,Digoxin 75micrograms/5ml oral liquid,0201010F0AAAQAQ
2025-03,Cardiovascular System,02,Positive inotropic drugs,0201,Cardiac glycosides,020101,Cardiac glycosides,0201010,Digoxin,0201010F0,Digoxin,0201010F0AA,Digoxin 100micrograms/1ml solution for injection ampoules,0201010F0AAARAR
2025-03,Cardiovascular System,02,Positive inotropic drugs,0201,Cardiac glycosides,020101,Cardiac glycosides,0201010,Digoxin,0201010F0,Lanoxin,0201010F0BB,Lanoxin 125 tablets,0201010F0BBAAAE
2025-03,Cardiovascular System,02,Positive inotropic drugs,0201,Cardiac glycosides,020101,Cardiac glycosides,0201010,Digoxin,0201010F0,Lanoxin,0201010F0BB,Lanoxin 250microgram tablets,0201010F0BBABAF
2025-03,Cardiovascular System,02,Positive inotropic drugs,0201,Cardiac glycosides,020101,Cardiac glycosides,0201010,Digoxin,0201010F0,Lanoxin,0201010F0BB,Lanoxin 500micrograms/2ml solution for infusion ampoules,0201010F0BBACAC
2025-03,Cardiovascular System,02,Positive inotropic drugs,0201,Cardiac glycosides,020101,Cardiac glycosides,0201010,Digoxin,0201010F0,Lanoxin,0201010F0BB,Lanoxin PG 62.5microgram tablets,0201010F0BBADAD
2025-03,Cardiovascular System,02,Positive inotropic drugs,0201,Cardiac glycosides,020101,Cardiac glycosides,0201010,Digoxin,0201010F0,Lanoxin,0201010F0BB,Lanoxin PG 50micrograms/ml elixir,0201010F0BBAEAA
2025-03,Cardiovascular System,02,Positive inotropic drugs,0201,Cardiac glycosides,020101,Cardiac glycosides,0201010,Digoxin,0201010F0,Lanoxin,0201010F0BB,Lanoxin Injection Pediatric 100micrograms/1ml inj ampoules,0201010F0BBAGAR
2025-03,Cardiovascular System,02,Positive inotropic drugs,0201,Cardiac glycosides,020101,Cardiac glycosides,0201010,Digoxin,0201010F0,Digamex,0201010F0BE,Digamex 62.5microgram tablets,0201010F0BEAAAD
2025-03,Cardiovascular System,02,Positive inotropic drugs,0201,Cardiac glycosides,020101,Cardiac glycosides,0201010,Digoxin,0201010F0,Digamex,0201010F0BE,Digamex 125microgram tablets,0201010F0BEABAE
2025-03,Cardiovascular System,02,Positive inotropic drugs,0201,Cardiac glycosides,020101,Cardiac glycosides,0201010,Digoxin,0201010F0,Digamex,0201010F0BE,Digamex 250microgram tablets,0201010F0BEACAF
2025-03,Cardiovascular System,02,Positive inotropic drugs,0201,Phosphodiesterase Type-3 inhibitors,020102,Phosphodiesterase Type-3 inhibitors,0201020,Enoximone,0201020G0,Enoximone,0201020G0AA,Enoximone 100mg/20ml solution for injection ampoules,0201020G0AAAAAA
2025-03,Cardiovascular System,02,Positive inotropic drugs,0201,Phosphodiesterase Type-3 inhibitors,020102,Phosphodiesterase Type-3 inhibitors,0201020,Enoximone,0201020G0,Perfan,0201020G0BB,Perfan 100mg/20ml solution for injection ampoules,0201020G0BBAAAA
2025-03,Cardiovascular System,02,Positive inotropic drugs,0201,Phosphodiesterase Type-3 inhibitors,020102,Phosphodiesterase Type-3 inhibitors,0201020,Milrinone lactate,0201020M0,Milrinone lactate,0201020M0AA,Milrinone 10mg/10ml solution for infusion ampoules,0201020M0AAAAAA
2025-03,Cardiovascular System,02,Positive inotropic drugs,0201,Phosphodiesterase Type-3 inhibitors,020102,Phosphodiesterase Type-3 inhibitors,0201020,Milrinone lactate,0201020M0,Milrinone lactate,0201020M0AA,Milrinone 10mg/10ml solution for injection vials,0201020M0AAABAB
2025-03,Cardiovascular System,02,Positive inotropic drugs,0201,Phosphodiesterase Type-3 inhibitors,020102,Phosphodiesterase Type-3 inhibitors,0201020,Milrinone lactate,0201020M0,Primacor,0201020M0BB,Primacor 10mg/10ml solution for injection ampoules,0201020M0BBAAAA
2025-03,Cardiovascular System,02,Diuretics,0202,Thiazides and related diuretics,020201,Thiazides and related diuretics,0202010,Bendroflumethiazide,0202010B0,Bendroflumethiazide,0202010B0AA,Bendroflumethiazide 2.5mg tablets,0202010B0AAABAB
2025-03,Cardiovascular System,02,Diuretics,0202,Thiazides and related diuretics,020201,Thiazides and related diuretics,0202010,Bendroflumethiazide,0202010B0,Bendroflumethiazide,0202010B0AA,Bendroflumethiazide 5mg tablets,0202010B0AAACAC
